Level: State and Local,,,,
Unit:Total (thousands), Nominal,,,
State,Year,(E027) Elem Educ-Direct Exp,(E028) Elem Educ-Current Oper  (E12),(E029) Elem Educ-Cap Outlay
United States,2006,"$502,495,702 ","$441,767,985 ","$60,727,717 "
United States,2007,"$534,980,224 ","$469,447,924 ","$65,532,300 "
United States,2008,"$565,618,098 ","$495,332,623 ","$70,285,475 "
United States,2009,"$577,866,887 ","$508,608,147 ","$69,258,740 "
United States,2010,"$573,640,909 ","$513,400,993 ","$60,239,916 "
United States,2011,"$565,283,896 ","$512,295,116 ","$52,988,780 "
United States,2012,"$565,720,751 ","$514,518,864 ","$51,201,887 "
United States,2013,"$568,524,638 ","$520,618,404 ","$47,906,234 "
United States,2014,"$586,757,472 ","$538,076,132 ","$48,681,340 "
United States,2015,"$609,586,747 ","$556,539,770 ","$53,046,977 "
United States,2016,"$625,150,635 ","$566,937,206 ","$58,213,429 "
Alabama,2006,"$6,552,215 ","$5,808,675 ","$743,540 "
Alabama,2007,"$7,120,704 ","$6,430,817 ","$689,887 "
Alabama,2008,"$7,826,029 ","$7,012,444 ","$813,585 "
Alabama,2009,"$7,889,850 ","$6,960,933 ","$928,917 "
Alabama,2010,"$7,697,365 ","$6,911,799 ","$785,566 "
Alabama,2011,"$7,554,395 ","$6,922,295 ","$632,100 "
Alabama,2012,"$7,226,936 ","$6,645,480 ","$581,456 "
Alabama,2013,"$7,452,642 ","$6,809,065 ","$643,577 "
Alabama,2014,"$7,527,549 ","$6,944,471 ","$583,078 "
Alabama,2015,"$7,496,792 ","$6,978,750 ","$518,042 "
Alabama,2016,"$7,552,686 ","$6,931,997 ","$620,689 "
Alaska,2006,"$1,797,278 ","$1,540,194 ","$257,084 "
Alaska,2007,"$1,896,161 ","$1,637,774 ","$258,387 "
Alaska,2008,"$2,236,207 ","$1,929,509 ","$306,698 "
Alaska,2009,"$2,417,807 ","$2,114,333 ","$303,474 "
Alaska,2010,"$2,425,733 ","$2,187,881 ","$237,852 "
Alaska,2011,"$2,450,475 ","$2,227,362 ","$223,113 "
Alaska,2012,"$2,289,034 ","$2,142,433 ","$146,601 "
Alaska,2013,"$2,489,697 ","$2,238,895 ","$250,802 "
Alaska,2014,"$2,489,568 ","$2,230,941 ","$258,627 "
Alaska,2015,"$2,649,593 ","$2,361,359 ","$288,234 "
Alaska,2016,"$2,365,549 ","$2,103,439 ","$262,110 "
Arizona,2006,"$7,737,742 ","$6,594,062 ","$1,143,680 "
Arizona,2007,"$8,509,080 ","$7,072,193 ","$1,436,887 "
Arizona,2008,"$9,183,710 ","$7,614,303 ","$1,569,407 "
Arizona,2009,"$9,091,247 ","$7,778,481 ","$1,312,766 "
Arizona,2010,"$8,332,339 ","$7,618,047 ","$714,292 "
Arizona,2011,"$8,066,255 ","$7,324,615 ","$741,640 "
Arizona,2012,"$7,898,581 ","$7,199,266 ","$699,315 "
Arizona,2013,"$7,464,108 ","$6,905,118 ","$558,990 "
Arizona,2014,"$7,969,696 ","$7,290,810 ","$678,886 "
Arizona,2015,"$7,732,726 ","$7,234,995 ","$497,731 "
Arizona,2016,"$7,887,589 ","$7,358,506 ","$529,083 "
Arkansas,2006,"$4,130,799 ","$3,681,251 ","$449,548 "
Arkansas,2007,"$4,382,542 ","$3,865,301 ","$517,241 "
Arkansas,2008,"$4,456,722 ","$3,993,273 ","$463,449 "
Arkansas,2009,"$4,747,260 ","$4,337,497 ","$409,763 "
Arkansas,2010,"$5,221,427 ","$4,625,971 ","$595,456 "
Arkansas,2011,"$5,361,913 ","$4,756,056 ","$605,857 "
Arkansas,2012,"$4,985,046 ","$4,372,626 ","$612,420 "
Arkansas,2013,"$4,910,061 ","$4,376,086 ","$533,975 "
Arkansas,2014,"$4,877,237 ","$4,452,923 ","$424,314 "
Arkansas,2015,"$5,021,308 ","$4,509,752 ","$511,556 "
Arkansas,2016,"$5,088,236 ","$4,570,055 ","$518,181 "
California,2006,"$64,115,350 ","$54,075,826 ","$10,039,524 "
California,2007,"$68,428,955 ","$58,369,308 ","$10,059,647 "
California,2008,"$70,587,920 ","$61,221,660 ","$9,366,260 "
California,2009,"$69,232,274 ","$60,350,825 ","$8,881,449 "
California,2010,"$65,315,734 ","$58,168,678 ","$7,147,056 "
California,2011,"$63,571,380 ","$57,059,916 ","$6,511,464 "
California,2012,"$66,822,927 ","$60,058,814 ","$6,764,113 "
California,2013,"$66,489,215 ","$60,338,297 ","$6,150,918 "
California,2014,"$66,268,817 ","$60,144,478 ","$6,124,339 "
California,2015,"$72,057,091 ","$65,683,022 ","$6,374,069 "
California,2016,"$76,706,139 ","$69,958,368 ","$6,747,771 "
Colorado,2006,"$7,418,124 ","$6,393,899 ","$1,024,225 "
Colorado,2007,"$7,652,482 ","$6,568,558 ","$1,083,924 "
Colorado,2008,"$8,444,895 ","$7,287,197 ","$1,157,698 "
Colorado,2009,"$8,214,829 ","$7,177,188 ","$1,037,641 "
Colorado,2010,"$8,400,538 ","$7,388,550 ","$1,011,988 "
Colorado,2011,"$8,185,316 ","$7,357,660 ","$827,656 "
Colorado,2012,"$7,989,055 ","$7,291,621 ","$697,434 "
Colorado,2013,"$8,197,188 ","$7,439,147 ","$758,041 "
Colorado,2014,"$8,788,222 ","$7,854,817 ","$933,405 "
Colorado,2015,"$9,079,694 ","$8,156,327 ","$923,367 "
Colorado,2016,"$9,410,350 ","$8,530,143 ","$880,207 "
Connecticut,2006,"$7,309,027 ","$6,660,848 ","$648,179 "
Connecticut,2007,"$7,957,380 ","$7,028,817 ","$928,563 "
Connecticut,2008,"$8,177,905 ","$7,407,037 ","$770,868 "
Connecticut,2009,"$8,559,325 ","$7,893,267 ","$666,058 "
Connecticut,2010,"$8,581,719 ","$8,044,157 ","$537,562 "
Connecticut,2011,"$8,399,392 ","$7,920,572 ","$478,820 "
Connecticut,2012,"$8,665,948 ","$8,025,065 ","$640,883 "
Connecticut,2013,"$8,652,366 ","$8,140,856 ","$511,510 "
Connecticut,2014,"$8,891,661 ","$8,434,152 ","$457,509 "
Connecticut,2015,"$9,180,945 ","$8,641,169 ","$539,776 "
Connecticut,2016,"$9,441,199 ","$8,806,230 ","$634,969 "
Delaware,2006,"$1,616,178 ","$1,388,499 ","$227,679 "
Delaware,2007,"$1,669,341 ","$1,423,584 ","$245,757 "
Delaware,2008,"$1,718,975 ","$1,477,585 ","$241,390 "
Delaware,2009,"$1,709,333 ","$1,454,873 ","$254,460 "
Delaware,2010,"$1,672,940 ","$1,480,114 ","$192,826 "
Delaware,2011,"$1,733,515 ","$1,551,018 ","$182,497 "
Delaware,2012,"$1,839,097 ","$1,689,513 ","$149,584 "
Delaware,2013,"$1,847,436 ","$1,689,501 ","$157,935 "
Delaware,2014,"$1,908,296 ","$1,736,678 ","$171,618 "
Delaware,2015,"$1,882,216 ","$1,779,087 ","$103,129 "
Delaware,2016,"$1,949,722 ","$1,845,143 ","$104,579 "
DC,2006,"$1,390,328 ","$1,263,521 ","$126,807 "
DC,2007,"$1,423,244 ","$1,247,626 ","$175,618 "
DC,2008,"$2,097,944 ","$1,632,859 ","$465,085 "
DC,2009,"$2,084,348 ","$1,746,749 ","$337,599 "
DC,2010,"$2,224,037 ","$1,897,795 ","$326,242 "
DC,2011,"$2,174,626 ","$1,860,464 ","$314,162 "
DC,2012,"$2,201,171 ","$1,982,666 ","$218,505 "
DC,2013,"$2,367,191 ","$2,008,101 ","$359,090 "
DC,2014,"$2,428,941 ","$2,059,678 ","$369,263 "
DC,2015,"$2,546,206 ","$2,156,579 ","$389,627 "
DC,2016,"$2,597,846 ","$2,291,546 ","$306,300 "
Florida,2006,"$26,022,019 ","$21,150,836 ","$4,871,183 "
Florida,2007,"$29,196,028 ","$23,202,207 ","$5,993,821 "
Florida,2008,"$30,483,918 ","$24,498,824 ","$5,985,094 "
Florida,2009,"$28,108,190 ","$23,574,172 ","$4,534,018 "
Florida,2010,"$26,540,690 ","$23,588,799 ","$2,951,891 "
Florida,2011,"$26,304,058 ","$24,086,929 ","$2,217,129 "
Florida,2012,"$24,740,640 ","$22,895,422 ","$1,845,218 "
Florida,2013,"$24,645,770 ","$23,233,800 ","$1,411,970 "
Florida,2014,"$25,775,763 ","$24,307,114 ","$1,468,649 "
Florida,2015,"$26,643,907 ","$24,961,651 ","$1,682,256 "
Florida,2016,"$27,362,892 ","$25,377,530 ","$1,985,362 "
Georgia,2006,"$15,405,290 ","$13,474,487 ","$1,930,803 "
Georgia,2007,"$16,970,886 ","$14,698,773 ","$2,272,113 "
Georgia,2008,"$18,615,660 ","$15,912,078 ","$2,703,582 "
Georgia,2009,"$18,621,456 ","$15,907,442 ","$2,714,014 "
Georgia,2010,"$17,505,290 ","$15,691,063 ","$1,814,227 "
Georgia,2011,"$16,881,041 ","$15,512,646 ","$1,368,395 "
Georgia,2012,"$17,117,408 ","$15,551,381 ","$1,566,027 "
Georgia,2013,"$17,044,972 ","$15,412,128 ","$1,632,844 "
Georgia,2014,"$17,409,085 ","$15,766,972 ","$1,642,113 "
Georgia,2015,"$18,245,874 ","$16,366,787 ","$1,879,087 "
Georgia,2016,"$18,916,855 ","$17,082,032 ","$1,834,823 "
Hawaii,2006,"$1,937,230 ","$1,776,082 ","$161,148 "
Hawaii,2007,"$2,160,311 ","$1,970,775 ","$189,536 "
Hawaii,2008,"$2,249,444 ","$2,064,161 ","$185,283 "
Hawaii,2009,"$2,349,502 ","$2,177,023 ","$172,479 "
Hawaii,2010,"$2,094,712 ","$1,888,733 ","$205,979 "
Hawaii,2011,"$1,938,691 ","$1,772,787 ","$165,904 "
Hawaii,2012,"$1,895,835 ","$1,705,744 ","$190,091 "
Hawaii,2013,"$1,886,487 ","$1,704,268 ","$182,219 "
Hawaii,2014,"$2,139,147 ","$1,922,207 ","$216,940 "
Hawaii,2015,"$1,991,017 ","$1,803,416 ","$187,601 "
Hawaii,2016,"$2,118,410 ","$1,876,374 ","$242,036 "
Idaho,2006,"$1,856,893 ","$1,667,086 ","$189,807 "
Idaho,2007,"$1,908,984 ","$1,745,401 ","$163,583 "
Idaho,2008,"$1,927,885 ","$1,834,585 ","$93,300 "
Idaho,2009,"$2,014,455 ","$1,903,257 ","$111,198 "
Idaho,2010,"$2,032,150 ","$1,896,957 ","$135,193 "
Idaho,2011,"$1,898,594 ","$1,815,070 ","$83,524 "
Idaho,2012,"$1,853,139 ","$1,783,900 ","$69,239 "
Idaho,2013,"$1,914,573 ","$1,851,691 ","$62,882 "
Idaho,2014,"$1,959,703 ","$1,868,380 ","$91,323 "
Idaho,2015,"$1,978,009 ","$1,902,329 ","$75,680 "
Idaho,2016,"$2,046,687 ","$1,971,755 ","$74,932 "
Illinois,2006,"$20,688,589 ","$18,668,507 ","$2,020,082 "
Illinois,2007,"$21,499,679 ","$19,417,987 ","$2,081,692 "
Illinois,2008,"$22,985,805 ","$20,426,699 ","$2,559,106 "
Illinois,2009,"$24,792,832 ","$21,908,104 ","$2,884,728 "
Illinois,2010,"$24,499,368 ","$22,555,288 ","$1,944,080 "
Illinois,2011,"$24,526,773 ","$22,641,712 ","$1,885,061 "
Illinois,2012,"$24,846,257 ","$22,813,755 ","$2,032,502 "
Illinois,2013,"$25,018,893 ","$23,076,285 ","$1,942,608 "
Illinois,2014,"$25,898,091 ","$23,898,122 ","$1,999,969 "
Illinois,2015,"$26,330,079 ","$24,273,128 ","$2,056,951 "
Illinois,2016,"$26,537,479 ","$24,521,832 ","$2,015,647 "
Indiana,2006,"$9,773,748 ","$8,656,093 ","$1,117,655 "
Indiana,2007,"$10,024,057 ","$8,957,042 ","$1,067,015 "
Indiana,2008,"$9,684,117 ","$8,742,157 ","$941,960 "
Indiana,2009,"$9,886,851 ","$8,987,389 ","$899,462 "
Indiana,2010,"$10,114,737 ","$9,187,305 ","$927,432 "
Indiana,2011,"$9,737,968 ","$8,894,792 ","$843,176 "
Indiana,2012,"$9,812,287 ","$8,914,008 ","$898,279 "
Indiana,2013,"$9,605,885 ","$8,743,307 ","$862,578 "
Indiana,2014,"$9,622,987 ","$8,733,054 ","$889,933 "
Indiana,2015,"$9,765,421 ","$8,817,051 ","$948,370 "
Indiana,2016,"$9,967,447 ","$8,980,687 ","$986,760 "
Iowa,2006,"$4,661,811 ","$4,069,022 ","$592,789 "
Iowa,2007,"$4,906,485 ","$4,258,857 ","$647,628 "
Iowa,2008,"$5,191,110 ","$4,518,749 ","$672,361 "
Iowa,2009,"$5,427,696 ","$4,755,357 ","$672,339 "
Iowa,2010,"$5,630,287 ","$4,818,811 ","$811,476 "
Iowa,2011,"$5,749,910 ","$4,884,432 ","$865,478 "
Iowa,2012,"$5,904,462 ","$5,003,871 ","$900,591 "
Iowa,2013,"$5,961,490 ","$5,177,697 ","$783,793 "
Iowa,2014,"$6,181,679 ","$5,380,362 ","$801,317 "
Iowa,2015,"$6,401,072 ","$5,558,398 ","$842,674 "
Iowa,2016,"$6,584,354 ","$5,694,757 ","$889,597 "
Kansas,2006,"$4,117,364 ","$3,759,395 ","$357,969 "
Kansas,2007,"$4,479,603 ","$4,052,365 ","$427,238 "
Kansas,2008,"$4,758,174 ","$4,330,014 ","$428,160 "
Kansas,2009,"$5,431,375 ","$4,472,414 ","$958,961 "
Kansas,2010,"$5,554,327 ","$4,372,160 ","$1,182,167 "
Kansas,2011,"$5,258,252 ","$4,406,475 ","$851,777 "
Kansas,2012,"$5,088,657 ","$4,425,935 ","$662,722 "
Kansas,2013,"$5,146,082 ","$4,529,492 ","$616,590 "
Kansas,2014,"$5,438,290 ","$4,625,197 ","$813,093 "
Kansas,2015,"$5,656,317 ","$4,692,550 ","$963,767 "
Kansas,2016,"$5,648,205 ","$4,684,107 ","$964,098 "
Kentucky,2006,"$5,638,089 ","$4,951,965 ","$686,124 "
Kentucky,2007,"$5,875,091 ","$5,119,304 ","$755,787 "
Kentucky,2008,"$6,330,348 ","$5,565,479 ","$764,869 "
Kentucky,2009,"$6,305,191 ","$5,575,937 ","$729,254 "
Kentucky,2010,"$6,600,827 ","$5,831,077 ","$769,750 "
Kentucky,2011,"$6,754,701 ","$6,021,344 ","$733,357 "
Kentucky,2012,"$6,931,116 ","$6,144,169 ","$786,947 "
Kentucky,2013,"$6,871,412 ","$6,121,644 ","$749,768 "
Kentucky,2014,"$6,727,654 ","$6,106,901 ","$620,753 "
Kentucky,2015,"$6,853,658 ","$6,252,785 ","$600,873 "
Kentucky,2016,"$7,125,687 ","$6,389,608 ","$736,079 "
Louisiana,2006,"$5,962,672 ","$5,507,834 ","$454,838 "
Louisiana,2007,"$6,625,129 ","$6,012,179 ","$612,950 "
Louisiana,2008,"$7,509,535 ","$6,730,841 ","$778,694 "
Louisiana,2009,"$7,959,546 ","$7,165,186 ","$794,360 "
Louisiana,2010,"$8,031,245 ","$7,264,651 ","$766,594 "
Louisiana,2011,"$8,173,740 ","$7,380,051 ","$793,689 "
Louisiana,2012,"$8,729,507 ","$7,854,670 ","$874,837 "
Louisiana,2013,"$7,646,927 ","$7,023,920 ","$623,007 "
Louisiana,2014,"$7,834,701 ","$7,149,927 ","$684,774 "
Louisiana,2015,"$8,064,366 ","$7,336,860 ","$727,506 "
Louisiana,2016,"$7,930,874 ","$7,351,908 ","$578,966 "
Maine,2006,"$2,124,931 ","$2,012,862 ","$112,069 "
Maine,2007,"$2,188,118 ","$2,095,609 ","$92,509 "
Maine,2008,"$2,277,615 ","$2,163,436 ","$114,179 "
Maine,2009,"$2,355,879 ","$2,243,105 ","$112,774 "
Maine,2010,"$2,396,742 ","$2,255,446 ","$141,296 "
Maine,2011,"$2,421,727 ","$2,265,847 ","$155,880 "
Maine,2012,"$2,340,892 ","$2,209,513 ","$131,379 "
Maine,2013,"$2,214,274 ","$2,143,851 ","$70,423 "
Maine,2014,"$2,295,803 ","$2,220,557 ","$75,246 "
Maine,2015,"$2,369,476 ","$2,303,438 ","$66,038 "
Maine,2016,"$2,424,796 ","$2,329,481 ","$95,315 "
Maryland,2006,"$9,722,594 ","$8,699,643 ","$1,022,951 "
Maryland,2007,"$10,721,727 ","$9,563,504 ","$1,158,223 "
Maryland,2008,"$11,675,002 ","$10,328,931 ","$1,346,071 "
Maryland,2009,"$11,773,805 ","$10,751,985 ","$1,021,820 "
Maryland,2010,"$12,136,477 ","$10,955,549 ","$1,180,928 "
Maryland,2011,"$12,026,838 ","$11,029,082 ","$997,756 "
Maryland,2012,"$11,972,443 ","$10,833,288 ","$1,139,155 "
Maryland,2013,"$12,108,041 ","$11,152,423 ","$955,618 "
Maryland,2014,"$12,549,993 ","$11,418,779 ","$1,131,214 "
Maryland,2015,"$12,742,631 ","$11,691,971 ","$1,050,660 "
Maryland,2016,"$11,583,497 ","$10,583,355 ","$1,000,142 "
Massachusetts,2006,"$11,608,055 ","$10,708,651 ","$899,404 "
Massachusetts,2007,"$12,073,218 ","$11,163,200 ","$910,018 "
Massachusetts,2008,"$12,489,925 ","$11,825,813 ","$664,112 "
Massachusetts,2009,"$13,085,364 ","$12,517,349 ","$568,015 "
Massachusetts,2010,"$13,114,539 ","$12,357,628 ","$756,911 "
Massachusetts,2011,"$13,296,988 ","$12,383,785 ","$913,203 "
Massachusetts,2012,"$14,447,420 ","$12,929,251 ","$1,518,169 "
Massachusetts,2013,"$14,765,241 ","$13,213,030 ","$1,552,211 "
Massachusetts,2014,"$15,229,638 ","$13,954,682 ","$1,274,956 "
Massachusetts,2015,"$15,484,797 ","$14,286,698 ","$1,198,099 "
Massachusetts,2016,"$15,344,444 ","$14,346,990 ","$997,454 "
Michigan,2006,"$17,232,992 ","$15,500,928 ","$1,732,064 "
Michigan,2007,"$18,938,540 ","$17,301,797 ","$1,636,743 "
Michigan,2008,"$17,985,160 ","$16,670,314 ","$1,314,846 "
Michigan,2009,"$18,053,490 ","$16,772,831 ","$1,280,659 "
Michigan,2010,"$17,923,446 ","$16,721,717 ","$1,201,729 "
Michigan,2011,"$17,511,552 ","$16,233,765 ","$1,277,787 "
Michigan,2012,"$17,082,051 ","$15,881,467 ","$1,200,584 "
Michigan,2013,"$16,445,954 ","$15,483,444 ","$962,510 "
Michigan,2014,"$16,343,304 ","$15,486,393 ","$856,911 "
Michigan,2015,"$16,730,543 ","$15,763,067 ","$967,476 "
Michigan,2016,"$16,951,162 ","$15,888,324 ","$1,062,838 "
Minnesota,2006,"$8,898,683 ","$7,835,240 ","$1,063,443 "
Minnesota,2007,"$9,260,415 ","$8,186,187 ","$1,074,228 "
Minnesota,2008,"$9,714,168 ","$8,577,566 ","$1,136,602 "
Minnesota,2009,"$10,520,515 ","$9,333,507 ","$1,187,008 "
Minnesota,2010,"$9,919,560 ","$8,969,677 ","$949,883 "
Minnesota,2011,"$9,987,091 ","$8,970,186 ","$1,016,905 "
Minnesota,2012,"$10,088,935 ","$9,054,773 ","$1,034,162 "
Minnesota,2013,"$10,346,467 ","$9,329,707 ","$1,016,760 "
Minnesota,2014,"$10,740,370 ","$9,670,442 ","$1,069,928 "
Minnesota,2015,"$11,414,003 ","$10,085,140 ","$1,328,863 "
Minnesota,2016,"$12,229,969 ","$10,520,039 ","$1,709,930 "
Mississippi,2006,"$3,996,588 ","$3,583,286 ","$413,302 "
Mississippi,2007,"$4,088,245 ","$3,708,664 ","$379,581 "
Mississippi,2008,"$4,292,984 ","$3,915,783 ","$377,201 "
Mississippi,2009,"$4,481,031 ","$3,987,232 ","$493,799 "
Mississippi,2010,"$4,433,113 ","$4,011,115 ","$421,998 "
Mississippi,2011,"$4,275,856 ","$3,906,946 ","$368,910 "
Mississippi,2012,"$4,352,279 ","$4,022,904 ","$329,375 "
Mississippi,2013,"$4,313,365 ","$4,027,511 ","$285,854 "
Mississippi,2014,"$4,393,960 ","$4,077,751 ","$316,209 "
Mississippi,2015,"$4,457,621 ","$4,161,329 ","$296,292 "
Mississippi,2016,"$4,581,223 ","$4,246,156 ","$335,067 "
Missouri,2006,"$8,330,413 ","$7,572,272 ","$758,141 "
Missouri,2007,"$8,923,675 ","$7,998,410 ","$925,265 "
Missouri,2008,"$9,530,255 ","$8,459,274 ","$1,070,981 "
Missouri,2009,"$9,855,373 ","$8,734,311 ","$1,121,062 "
Missouri,2010,"$9,757,031 ","$8,830,446 ","$926,585 "
Missouri,2011,"$9,457,756 ","$8,607,937 ","$849,819 "
Missouri,2012,"$9,503,475 ","$8,612,001 ","$891,474 "
Missouri,2013,"$9,628,493 ","$8,795,453 ","$833,040 "
Missouri,2014,"$9,929,065 ","$9,009,583 ","$919,482 "
Missouri,2015,"$10,143,567 ","$9,274,489 ","$869,078 "
Missouri,2016,"$10,312,395 ","$9,422,387 ","$890,008 "
Montana,2006,"$1,350,908 ","$1,253,093 ","$97,815 "
Montana,2007,"$1,429,433 ","$1,328,835 ","$100,598 "
Montana,2008,"$1,535,395 ","$1,393,534 ","$141,861 "
Montana,2009,"$1,593,965 ","$1,435,814 ","$158,151 "
Montana,2010,"$1,611,335 ","$1,501,077 ","$110,258 "
Montana,2011,"$1,621,407 ","$1,517,630 ","$103,777 "
Montana,2012,"$1,618,002 ","$1,501,001 ","$117,001 "
Montana,2013,"$1,640,665 ","$1,529,169 ","$111,496 "
Montana,2014,"$1,720,972 ","$1,599,219 ","$121,753 "
Montana,2015,"$1,769,508 ","$1,608,600 ","$160,908 "
Montana,2016,"$1,839,192 ","$1,659,778 ","$179,414 "
Nebraska,2006,"$2,719,034 ","$2,441,758 ","$277,276 "
Nebraska,2007,"$3,030,085 ","$2,651,097 ","$378,988 "
Nebraska,2008,"$3,211,299 ","$2,766,856 ","$444,443 "
Nebraska,2009,"$3,426,421 ","$2,938,128 ","$488,293 "
Nebraska,2010,"$3,540,450 ","$3,169,102 ","$371,348 "
Nebraska,2011,"$3,580,214 ","$3,229,707 ","$350,507 "
Nebraska,2012,"$3,773,003 ","$3,398,332 ","$374,671 "
Nebraska,2013,"$3,811,516 ","$3,513,283 ","$298,233 "
Nebraska,2014,"$3,914,540 ","$3,606,695 ","$307,845 "
Nebraska,2015,"$4,182,018 ","$3,732,722 ","$449,296 "
Nebraska,2016,"$4,530,479 ","$3,888,499 ","$641,980 "
Nevada,2006,"$3,808,948 ","$3,048,568 ","$760,380 "
Nevada,2007,"$4,134,312 ","$3,403,085 ","$731,227 "
Nevada,2008,"$4,633,015 ","$3,574,548 ","$1,058,467 "
Nevada,2009,"$4,285,601 ","$3,652,056 ","$633,545 "
Nevada,2010,"$4,000,238 ","$3,619,144 ","$381,094 "
Nevada,2011,"$4,012,361 ","$3,688,615 ","$323,746 "
Nevada,2012,"$3,867,445 ","$3,546,300 ","$321,145 "
Nevada,2013,"$3,844,420 ","$3,622,259 ","$222,161 "
Nevada,2014,"$3,850,524 ","$3,689,170 ","$161,354 "
Nevada,2015,"$4,010,110 ","$3,804,316 ","$205,794 "
Nevada,2016,"$4,202,930 ","$3,978,436 ","$224,494 "
New Hampshire,2006,"$2,286,783 ","$2,085,218 ","$201,565 "
New Hampshire,2007,"$2,395,607 ","$2,187,599 ","$208,008 "
New Hampshire,2008,"$2,493,623 ","$2,329,730 ","$163,893 "
New Hampshire,2009,"$2,532,193 ","$2,419,964 ","$112,229 "
New Hampshire,2010,"$2,621,646 ","$2,495,559 ","$126,087 "
New Hampshire,2011,"$2,768,396 ","$2,562,155 ","$206,241 "
New Hampshire,2012,"$2,759,190 ","$2,599,134 ","$160,056 "
New Hampshire,2013,"$2,688,597 ","$2,616,009 ","$72,588 "
New Hampshire,2014,"$2,758,727 ","$2,671,124 ","$87,603 "
New Hampshire,2015,"$2,855,356 ","$2,729,881 ","$125,475 "
New Hampshire,2016,"$2,924,046 ","$2,786,866 ","$137,180 "
New Jersey,2006,"$23,389,403 ","$19,871,589 ","$3,517,814 "
New Jersey,2007,"$23,659,711 ","$20,595,451 ","$3,064,260 "
New Jersey,2008,"$24,039,648 ","$21,481,595 ","$2,558,053 "
New Jersey,2009,"$24,574,081 ","$22,096,090 ","$2,477,991 "
New Jersey,2010,"$24,722,724 ","$23,017,096 ","$1,705,628 "
New Jersey,2011,"$23,429,839 ","$22,225,042 ","$1,204,797 "
New Jersey,2012,"$23,940,138 ","$22,820,234 ","$1,119,904 "
New Jersey,2013,"$24,906,228 ","$23,805,947 ","$1,100,281 "
New Jersey,2014,"$26,103,927 ","$24,997,855 ","$1,106,072 "
New Jersey,2015,"$26,291,639 ","$24,680,927 ","$1,610,712 "
New Jersey,2016,"$26,985,958 ","$25,070,031 ","$1,915,927 "
New Mexico,2006,"$3,056,165 ","$2,670,509 ","$385,656 "
New Mexico,2007,"$3,229,901 ","$2,833,372 ","$396,529 "
New Mexico,2008,"$3,557,284 ","$2,987,548 ","$569,736 "
New Mexico,2009,"$3,892,006 ","$3,107,151 ","$784,855 "
New Mexico,2010,"$3,748,369 ","$3,114,071 ","$634,298 "
New Mexico,2011,"$3,625,774 ","$3,009,236 ","$616,538 "
New Mexico,2012,"$3,544,276 ","$2,928,849 ","$615,427 "
New Mexico,2013,"$3,470,180 ","$2,952,299 ","$517,881 "
New Mexico,2014,"$3,507,457 ","$2,945,129 ","$562,328 "
New Mexico,2015,"$3,771,782 ","$3,184,539 ","$587,243 "
New Mexico,2016,"$3,653,353 ","$3,102,201 ","$551,152 "
New York,2006,"$45,450,507 ","$41,506,127 ","$3,944,380 "
New York,2007,"$47,952,937 ","$43,743,457 ","$4,209,480 "
New York,2008,"$51,185,161 ","$46,384,138 ","$4,801,023 "
New York,2009,"$53,808,856 ","$48,367,708 ","$5,441,148 "
New York,2010,"$55,807,217 ","$49,695,080 ","$6,112,137 "
New York,2011,"$55,420,282 ","$50,776,161 ","$4,644,121 "
New York,2012,"$55,473,119 ","$51,399,718 ","$4,073,401 "
New York,2013,"$55,769,468 ","$51,794,448 ","$3,975,020 "
New York,2014,"$61,116,241 ","$57,066,241 ","$4,050,000 "
New York,2015,"$63,748,668 ","$59,209,923 ","$4,538,745 "
New York,2016,"$62,007,621 ","$57,096,678 ","$4,910,943 "
North Carolina,2006,"$11,501,994 ","$10,443,381 ","$1,058,613 "
North Carolina,2007,"$12,591,860 ","$11,404,645 ","$1,187,215 "
North Carolina,2008,"$13,468,428 ","$11,710,950 ","$1,757,478 "
North Carolina,2009,"$14,427,129 ","$12,708,373 ","$1,718,756 "
North Carolina,2010,"$13,650,262 ","$12,430,939 ","$1,219,323 "
North Carolina,2011,"$13,133,835 ","$12,098,852 ","$1,034,983 "
North Carolina,2012,"$12,836,803 ","$12,082,843 ","$753,960 "
North Carolina,2013,"$13,059,296 ","$12,328,666 ","$730,630 "
North Carolina,2014,"$12,882,156 ","$12,245,088 ","$637,068 "
North Carolina,2015,"$13,438,933 ","$12,702,927 ","$736,006 "
North Carolina,2016,"$13,802,717 ","$12,879,715 ","$923,002 "
North Dakota,2006,"$949,007 ","$856,029 ","$92,978 "
North Dakota,2007,"$971,696 ","$880,838 ","$90,858 "
North Dakota,2008,"$1,023,688 ","$934,984 ","$88,704 "
North Dakota,2009,"$1,071,117 ","$975,518 ","$95,599 "
North Dakota,2010,"$1,193,114 ","$1,050,313 ","$142,801 "
North Dakota,2011,"$1,233,637 ","$1,108,670 ","$124,967 "
North Dakota,2012,"$1,309,505 ","$1,148,601 ","$160,904 "
North Dakota,2013,"$1,440,827 ","$1,216,212 ","$224,615 "
North Dakota,2014,"$1,522,037 ","$1,282,045 ","$239,992 "
North Dakota,2015,"$1,724,107 ","$1,421,054 ","$303,053 "
North Dakota,2016,"$1,873,417 ","$1,461,369 ","$412,048 "
Ohio,2006,"$19,875,665 ","$17,698,325 ","$2,177,340 "
Ohio,2007,"$20,613,421 ","$18,017,322 ","$2,596,099 "
Ohio,2008,"$21,126,452 ","$18,557,774 ","$2,568,678 "
Ohio,2009,"$21,577,583 ","$19,025,410 ","$2,552,173 "
Ohio,2010,"$21,830,013 ","$19,378,627 ","$2,451,386 "
Ohio,2011,"$22,089,312 ","$19,585,222 ","$2,504,090 "
Ohio,2012,"$22,424,598 ","$20,007,363 ","$2,417,235 "
Ohio,2013,"$21,456,577 ","$19,457,672 ","$1,998,905 "
Ohio,2014,"$21,481,056 ","$19,933,696 ","$1,547,360 "
Ohio,2015,"$22,268,515 ","$20,516,393 ","$1,752,122 "
Ohio,2016,"$23,163,315 ","$21,307,074 ","$1,856,241 "
Oklahoma,2006,"$5,018,183 ","$4,581,010 ","$437,173 "
Oklahoma,2007,"$5,424,602 ","$4,921,883 ","$502,719 "
Oklahoma,2008,"$5,583,723 ","$5,124,669 ","$459,054 "
Oklahoma,2009,"$5,855,889 ","$5,287,026 ","$568,863 "
Oklahoma,2010,"$5,905,692 ","$5,433,683 ","$472,009 "
Oklahoma,2011,"$5,409,661 ","$4,897,238 ","$512,423 "
Oklahoma,2012,"$5,495,620 ","$4,999,435 ","$496,185 "
Oklahoma,2013,"$5,713,682 ","$5,155,948 ","$557,734 "
Oklahoma,2014,"$5,940,268 ","$5,251,952 ","$688,316 "
Oklahoma,2015,"$5,933,036 ","$5,262,564 ","$670,472 "
Oklahoma,2016,"$5,915,482 ","$5,272,998 ","$642,484 "
Oregon,2006,"$5,146,735 ","$4,827,479 ","$319,256 "
Oregon,2007,"$5,400,848 ","$5,107,118 ","$293,730 "
Oregon,2008,"$6,112,891 ","$5,491,351 ","$621,540 "
Oregon,2009,"$6,430,483 ","$5,627,387 ","$803,096 "
Oregon,2010,"$6,093,671 ","$5,519,853 ","$573,818 "
Oregon,2011,"$6,019,375 ","$5,557,396 ","$461,979 "
Oregon,2012,"$5,985,377 ","$5,536,815 ","$448,562 "
Oregon,2013,"$5,901,123 ","$5,557,770 ","$343,353 "
Oregon,2014,"$6,143,475 ","$5,831,595 ","$311,880 "
Oregon,2015,"$6,650,721 ","$6,173,205 ","$477,516 "
Oregon,2016,"$7,145,470 ","$6,459,366 ","$686,104 "
Pennsylvania,2006,"$21,692,242 ","$19,682,183 ","$2,010,059 "
Pennsylvania,2007,"$22,915,653 ","$20,371,704 ","$2,543,949 "
Pennsylvania,2008,"$23,697,580 ","$21,145,976 ","$2,551,604 "
Pennsylvania,2009,"$24,078,515 ","$21,651,714 ","$2,426,801 "
Pennsylvania,2010,"$24,624,771 ","$22,416,323 ","$2,208,448 "
Pennsylvania,2011,"$24,682,100 ","$22,496,271 ","$2,185,829 "
Pennsylvania,2012,"$24,176,020 ","$22,436,342 ","$1,739,678 "
Pennsylvania,2013,"$25,967,302 ","$24,460,578 ","$1,506,724 "
Pennsylvania,2014,"$26,106,097 ","$24,521,729 ","$1,584,368 "
Pennsylvania,2015,"$27,102,945 ","$25,422,532 ","$1,680,413 "
Pennsylvania,2016,"$28,200,300 ","$26,393,593 ","$1,806,707 "
Rhode Island,2006,"$1,956,737 ","$1,892,340 ","$64,397 "
Rhode Island,2007,"$2,072,949 ","$2,027,492 ","$45,457 "
Rhode Island,2008,"$2,165,460 ","$2,089,768 ","$75,692 "
Rhode Island,2009,"$2,168,190 ","$2,116,171 ","$52,019 "
Rhode Island,2010,"$2,185,054 ","$2,125,861 ","$59,193 "
Rhode Island,2011,"$2,201,660 ","$2,137,675 ","$63,985 "
Rhode Island,2012,"$2,203,426 ","$2,154,308 ","$49,118 "
Rhode Island,2013,"$2,270,819 ","$2,214,464 ","$56,355 "
Rhode Island,2014,"$2,282,611 ","$2,228,205 ","$54,406 "
Rhode Island,2015,"$2,342,079 ","$2,277,864 ","$64,215 "
Rhode Island,2016,"$2,410,811 ","$2,340,290 ","$70,521 "
South Carolina,2006,"$6,938,614 ","$5,809,672 ","$1,128,942 "
South Carolina,2007,"$7,502,148 ","$6,205,570 ","$1,296,578 "
South Carolina,2008,"$7,924,013 ","$6,738,795 ","$1,185,218 "
South Carolina,2009,"$8,186,369 ","$6,862,597 ","$1,323,772 "
South Carolina,2010,"$7,927,659 ","$6,719,203 ","$1,208,456 "
South Carolina,2011,"$7,590,661 ","$6,592,390 ","$998,271 "
South Carolina,2012,"$7,501,774 ","$6,650,192 ","$851,582 "
South Carolina,2013,"$7,681,065 ","$6,854,103 ","$826,962 "
South Carolina,2014,"$8,084,511 ","$7,220,156 ","$864,355 "
South Carolina,2015,"$8,354,694 ","$7,426,582 ","$928,112 "
South Carolina,2016,"$8,755,862 ","$7,666,629 ","$1,089,233 "
South Dakota,2006,"$1,011,132 ","$929,472 ","$81,660 "
South Dakota,2007,"$1,063,926 ","$959,581 ","$104,345 "
South Dakota,2008,"$1,129,781 ","$1,015,103 ","$114,678 "
South Dakota,2009,"$1,208,463 ","$1,055,199 ","$153,264 "
South Dakota,2010,"$1,238,013 ","$1,092,038 ","$145,975 "
South Dakota,2011,"$1,304,302 ","$1,104,803 ","$199,499 "
South Dakota,2012,"$1,257,357 ","$1,085,224 ","$172,133 "
South Dakota,2013,"$1,290,162 ","$1,111,439 ","$178,723 "
South Dakota,2014,"$1,315,216 ","$1,170,646 ","$144,570 "
South Dakota,2015,"$1,418,664 ","$1,196,690 ","$221,974 "
South Dakota,2016,"$1,431,042 ","$1,238,738 ","$192,304 "
Tennessee,2006,"$7,424,252 ","$6,717,234 ","$707,018 "
Tennessee,2007,"$7,656,403 ","$7,061,718 ","$594,685 "
Tennessee,2008,"$8,356,358 ","$7,572,737 ","$783,621 "
Tennessee,2009,"$8,653,870 ","$7,858,020 ","$795,850 "
Tennessee,2010,"$8,819,179 ","$8,059,914 ","$759,265 "
Tennessee,2011,"$8,975,383 ","$8,315,898 ","$659,485 "
Tennessee,2012,"$9,031,061 ","$8,359,529 ","$671,532 "
Tennessee,2013,"$8,901,511 ","$8,345,479 ","$556,032 "
Tennessee,2014,"$9,239,231 ","$8,704,168 ","$535,063 "
Tennessee,2015,"$9,220,273 ","$8,703,945 ","$516,328 "
Tennessee,2016,"$9,274,112 ","$8,762,611 ","$511,501 "
Texas,2006,"$38,565,288 ","$32,394,234 ","$6,171,054 "
Texas,2007,"$41,071,034 ","$34,416,856 ","$6,654,178 "
Texas,2008,"$45,440,140 ","$37,306,389 ","$8,133,751 "
Texas,2009,"$47,973,327 ","$38,674,353 ","$9,298,974 "
Texas,2010,"$48,667,657 ","$40,611,706 ","$8,055,951 "
Texas,2011,"$47,014,113 ","$40,457,676 ","$6,556,437 "
Texas,2012,"$44,409,351 ","$38,870,967 ","$5,538,384 "
Texas,2013,"$45,039,672 ","$39,567,515 ","$5,472,157 "
Texas,2014,"$47,296,671 ","$41,528,077 ","$5,768,594 "
Texas,2015,"$50,059,729 ","$43,284,829 ","$6,774,900 "
Texas,2016,"$52,800,008 ","$44,466,029 ","$8,333,979 "
Utah,2006,"$3,290,697 ","$2,785,974 ","$504,723 "
Utah,2007,"$3,533,738 ","$2,954,550 ","$579,188 "
Utah,2008,"$4,236,242 ","$3,306,470 ","$929,772 "
Utah,2009,"$4,309,988 ","$3,488,395 ","$821,593 "
Utah,2010,"$3,990,745 ","$3,222,504 ","$768,241 "
Utah,2011,"$4,084,498 ","$3,491,549 ","$592,949 "
Utah,2012,"$4,215,055 ","$3,548,527 ","$666,528 "
Utah,2013,"$4,466,277 ","$3,768,028 ","$698,249 "
Utah,2014,"$4,270,287 ","$3,779,376 ","$490,911 "
Utah,2015,"$4,417,306 ","$3,811,015 ","$606,291 "
Utah,2016,"$4,817,095 ","$4,107,978 ","$709,117 "
Vermont,2006,"$1,244,749 ","$1,185,385 ","$59,364 "
Vermont,2007,"$1,313,843 ","$1,243,484 ","$70,359 "
Vermont,2008,"$1,383,151 ","$1,299,330 ","$83,821 "
Vermont,2009,"$1,426,938 ","$1,362,581 ","$64,357 "
Vermont,2010,"$1,474,114 ","$1,408,363 ","$65,751 "
Vermont,2011,"$1,471,329 ","$1,407,674 ","$63,655 "
Vermont,2012,"$1,477,208 ","$1,431,420 ","$45,788 "
Vermont,2013,"$1,524,865 ","$1,469,040 ","$55,825 "
Vermont,2014,"$1,555,030 ","$1,498,242 ","$56,788 "
Vermont,2015,"$1,588,742 ","$1,529,882 ","$58,860 "
Vermont,2016,"$1,608,471 ","$1,565,558 ","$42,913 "
Virginia,2006,"$13,151,802 ","$11,790,942 ","$1,360,860 "
Virginia,2007,"$14,213,506 ","$12,691,631 ","$1,521,875 "
Virginia,2008,"$15,234,836 ","$13,379,345 ","$1,855,491 "
Virginia,2009,"$14,671,700 ","$13,591,142 ","$1,080,558 "
Virginia,2010,"$14,984,240 ","$13,626,535 ","$1,357,705 "
Virginia,2011,"$14,677,955 ","$13,520,490 ","$1,157,465 "
Virginia,2012,"$15,059,447 ","$13,693,436 ","$1,366,011 "
Virginia,2013,"$15,502,582 ","$14,033,918 ","$1,468,664 "
Virginia,2014,"$16,065,770 ","$14,447,164 ","$1,618,606 "
Virginia,2015,"$16,328,974 ","$14,786,315 ","$1,542,659 "
Virginia,2016,"$16,301,534 ","$14,673,794 ","$1,627,740 "
Washington,2006,"$9,544,778 ","$8,121,791 ","$1,422,987 "
Washington,2007,"$10,267,382 ","$8,642,745 ","$1,624,637 "
Washington,2008,"$11,236,564 ","$9,439,114 ","$1,797,450 "
Washington,2009,"$11,781,934 ","$9,962,718 ","$1,819,216 "
Washington,2010,"$11,362,167 ","$9,845,730 ","$1,516,437 "
Washington,2011,"$11,421,314 ","$9,953,980 ","$1,467,334 "
Washington,2012,"$11,755,298 ","$10,202,942 ","$1,552,356 "
Washington,2013,"$11,677,102 ","$10,234,100 ","$1,443,002 "
Washington,2014,"$12,451,665 ","$10,925,586 ","$1,526,079 "
Washington,2015,"$13,251,049 ","$11,649,508 ","$1,601,541 "
Washington,2016,"$14,874,614 ","$12,670,158 ","$2,204,456 "
West Virginia,2006,"$2,603,707 ","$2,416,245 ","$187,462 "
West Virginia,2007,"$2,729,078 ","$2,500,205 ","$228,873 "
West Virginia,2008,"$2,813,626 ","$2,563,939 ","$249,687 "
West Virginia,2009,"$2,899,380 ","$2,742,286 ","$157,094 "
West Virginia,2010,"$3,212,645 ","$3,020,983 ","$191,662 "
West Virginia,2011,"$3,314,898 ","$3,045,656 ","$269,242 "
West Virginia,2012,"$3,198,304 ","$2,953,222 ","$245,082 "
West Virginia,2013,"$3,166,457 ","$2,881,772 ","$284,685 "
West Virginia,2014,"$3,168,288 ","$2,882,189 ","$286,099 "
West Virginia,2015,"$3,149,841 ","$2,917,103 ","$232,738 "
West Virginia,2016,"$3,086,288 ","$2,904,896 ","$181,392 "
Wisconsin,2006,"$9,336,693 ","$8,790,219 ","$546,474 "
Wisconsin,2007,"$9,546,602 ","$9,068,768 ","$477,834 "
Wisconsin,2008,"$10,091,255 ","$9,400,237 ","$691,018 "
Wisconsin,2009,"$10,416,869 ","$9,746,916 ","$669,953 "
Wisconsin,2010,"$10,591,098 ","$9,966,121 ","$624,977 "
Wisconsin,2011,"$10,862,164 ","$10,315,205 ","$546,959 "
Wisconsin,2012,"$10,131,903 ","$9,680,984 ","$450,919 "
Wisconsin,2013,"$10,240,793 ","$9,718,274 ","$522,519 "
Wisconsin,2014,"$10,601,062 ","$9,833,006 ","$768,056 "
Wisconsin,2015,"$10,865,747 ","$9,960,408 ","$905,339 "
Wisconsin,2016,"$10,865,747 ","$9,960,408 ","$905,339 "
Wyoming,2006,"$1,136,677 ","$968,244 ","$168,433 "
Wyoming,2007,"$1,379,469 ","$1,132,679 ","$246,790 "
Wyoming,2008,"$1,507,073 ","$1,197,172 ","$309,901 "
Wyoming,2009,"$1,647,196 ","$1,274,683 ","$372,513 "
Wyoming,2010,"$1,682,463 ","$1,341,754 ","$340,709 "
Wyoming,2011,"$1,640,623 ","$1,406,181 ","$234,442 "
Wyoming,2012,"$1,652,873 ","$1,439,610 ","$213,263 "
Wyoming,2013,"$1,659,222 ","$1,445,295 ","$213,927 "
Wyoming,2014,"$1,760,433 ","$1,472,408 ","$288,025 "
Wyoming,2015,"$1,923,382 ","$1,513,919 ","$409,463 "
Wyoming,2016,"$2,015,079 ","$1,560,764 ","$454,315 "
,,,,
Observations with N/A, missing years or zero values should be checked to see if data are available for a given year or level of government.,,,
